{
  "ClickFishCategory" : {
    "transaction" : "ClickFishCategory",
    "sampleCount" : 1094,
    "errorCount" : 0,
    "errorPct" : 0.0,
    "meanResTime" : 130.54113345521,
    "medianResTime" : 129.0,
    "minResTime" : 124.0,
    "maxResTime" : 172.0,
    "pct1ResTime" : 135.0,
    "pct2ResTime" : 138.0,
    "pct3ResTime" : 149.04999999999995,
    "throughput" : 37.50042847838755,
    "receivedKBytesPerSec" : 160.1425253016488,
    "sentKBytesPerSec" : 8.056732680903576
  },
  "HomePage" : {
    "transaction" : "HomePage",
    "sampleCount" : 1101,
    "errorCount" : 0,
    "errorPct" : 0.0,
    "meanResTime" : 138.88374205267922,
    "medianResTime" : 129.0,
    "minResTime" : 124.0,
    "maxResTime" : 863.0,
    "pct1ResTime" : 135.0,
    "pct2ResTime" : 141.0,
    "pct3ResTime" : 403.96000000000004,
    "throughput" : 36.54044007832464,
    "receivedKBytesPerSec" : 193.37172342230593,
    "sentKBytesPerSec" : 5.2098674330423815
  },
  "Total" : {
    "transaction" : "Total",
    "sampleCount" : 2205,
    "errorCount" : 0,
    "errorPct" : 0.0,
    "meanResTime" : 134.70929705215428,
    "medianResTime" : 129.0,
    "minResTime" : 124.0,
    "maxResTime" : 863.0,
    "pct1ResTime" : 135.0,
    "pct2ResTime" : 140.0,
    "pct3ResTime" : 390.82000000000016,
    "throughput" : 73.33377677264866,
    "receivedKBytesPerSec" : 350.81072095957495,
    "sentKBytesPerSec" : 13.09232926200612
  },
  "HTTP Request" : {
    "transaction" : "HTTP Request",
    "sampleCount" : 2195,
    "errorCount" : 0,
    "errorPct" : 0.0,
    "meanResTime" : 134.72574031890673,
    "medianResTime" : 129.0,
    "minResTime" : 124.0,
    "maxResTime" : 863.0,
    "pct1ResTime" : 135.0,
    "pct2ResTime" : 140.0,
    "pct3ResTime" : 391.03999999999996,
    "throughput" : 73.00119728615138,
    "receivedKBytesPerSec" : 349.15263033997934,
    "sentKBytesPerSec" : 13.037700483071703
  }
}